{"music_off":false,"sfx_off":false,"music_vol":-9.855728149414063,"sfx_vol":-2.0786523818969728,"language":"ru","showtutorial":true}