{"music_off":false,"sfx_off":false,"music_vol":-13.042597770690918,"sfx_vol":-2.0786523818969728,"language":"ru","showtutorial":true}