{"music_off":false,"sfx_off":false,"music_vol":-21.508251190185548,"sfx_vol":-29.86983871459961,"language":"ru"}